Date,equity
2019-01-01,1000000.0
2019-01-02,1000000.0
2019-01-03,1000000.0
2019-01-04,1000000.0
2019-01-07,1000000.0
2019-01-08,1000000.0
2019-01-09,1000000.0
2019-01-10,1000000.0
2019-01-11,1000000.0
2019-01-14,1000000.0
2019-01-15,1000000.0
2019-01-16,1000000.0
2019-01-17,1000000.0
2019-01-18,1000000.0
2019-01-21,1000000.0
2019-01-22,1000000.0
2019-01-23,1000000.0
2019-01-24,1000000.0
2019-01-25,1000000.0
2019-01-28,1000000.0
2019-01-29,1000000.0
2019-01-30,1000000.0
2019-01-31,1000000.0
2019-02-01,1000000.0
2019-02-04,999703.7389020075
2019-02-05,1000229.6036750888
2019-02-06,1005991.412616334
2019-02-07,1009369.4393994665
2019-02-08,1001024.9428998191
2019-02-11,994427.5542323914
2019-02-12,992620.6025288105
2019-02-14,983569.3094534785
2019-02-15,982843.5013405352
2019-02-18,978942.7153118423
2019-02-19,981004.2928884989
2019-02-20,985597.5904183168
2019-02-21,991093.2575210968
2019-02-22,995853.9274952348
2019-02-25,999462.9406846956
2019-02-26,1000471.1760962255
2019-02-27,998151.7932051059
2019-02-28,996487.3080897161
2019-03-01,1001623.3000439643
2019-03-05,1010011.585518436
2019-03-06,1013494.0463689076
2019-03-07,1012464.4740937303
2019-03-08,1010389.5578438363
2019-03-11,1017573.8471115895
2019-03-12,1021012.2401920091
2019-03-13,1021723.0944484383
2019-03-14,1020656.9174215805
2019-03-15,1021642.4392199448
2019-03-18,1022446.0282785652
2019-03-19,1025936.893602821
2019-03-20,1024047.896771034
2019-03-22,1021974.9144833812
2019-03-25,1016937.6971713637
2019-03-26,1022133.862592157
2019-03-27,1019444.6324869364
2019-03-28,1025823.7528080363
2019-04-01,1032598.8920598786
2019-04-02,1034999.8038180987
2019-04-03,1033237.813702611
2019-04-04,1033921.1753306969
2019-04-05,1038699.6634823078
2019-04-08,1036683.8613145337
2019-04-09,1039956.759538286
2019-04-10,1040096.8732711987
2019-04-11,1040819.2126143423
2019-04-12,1044651.7127705336
2019-04-15,1049215.5183637661
2019-04-16,1050408.728605003
2019-04-18,1049982.5566710185
2019-04-22,1045632.8582622306
2019-04-23,1041930.6387066843
2019-04-24,1046048.8715853249
2019-04-25,1045369.0747491012
2019-04-26,1047560.6137123057
2019-04-30,1047239.8518057354
2019-05-02,1046517.6781044214
2019-05-03,1044098.3207135802
2019-05-06,1038309.1596227372
2019-05-07,1036137.506078663
2019-05-08,1029933.5843417261
2019-05-09,1028732.4936575235
2019-05-10,1027004.9838768392
2019-05-13,1012403.4217087403
2019-05-14,1014636.5049142662
2019-05-15,1012698.9363233602
2019-05-16,1018990.7006473806
2019-05-17,1025554.6802509744
2019-05-20,1040590.7899590934
2019-05-21,1029667.9739392987
2019-05-22,1032920.4097672001
2019-05-23,1032302.6036843621
2019-05-24,1039547.1475047772
2019-05-27,1045905.7331598339
2019-05-28,1046343.2768029267
2019-05-29,1042044.006975565
2019-05-30,1041819.4095514269
2019-05-31,1041015.2845694913
2019-06-03,1056381.4905907921
2019-06-04,1049395.9519119312
2019-06-06,1039667.0539143005
2019-06-07,1042842.4243794251
2019-06-10,1046592.585676011
2019-06-11,1049839.3837706996
2019-06-12,1048524.6411971654
2019-06-13,1048195.3251846412
2019-06-14,1043897.2885074214
2019-06-17,1036934.2192406899
2019-06-18,1039474.5572723098
2019-06-19,1038348.7427301386
2019-06-20,1045618.0020225105
2019-06-21,1043573.6977636168
2019-06-24,1043730.534770531
2019-06-25,1047370.4906126468
2019-06-26,1048125.6728637835
2019-06-27,1048772.8601694256
2019-06-28,1046698.2881416418
2019-07-01,1048250.5610875166
2019-07-02,1049191.6889765766
2019-07-03,1050589.8697937354
2019-07-04,1053077.7298928257
2019-07-05,1041743.1172941573
2019-07-08,1033426.7222332985
2019-07-09,1037845.9960993758
2019-07-10,1036995.2728857722
2019-07-11,1042151.9190220187
2019-07-12,1040934.246900023
2019-07-15,1040833.1063167892
2019-07-16,1045252.8724778858
2019-07-17,1046725.7102900116
2019-07-18,1043805.4936941336
2019-07-19,1037007.804735201
2019-07-22,1043240.3119642294
2019-07-23,1042840.525858066
2019-07-24,1038354.9627105348
2019-07-25,1037702.835401807
2019-07-26,1039585.5027791173
2019-07-29,1035853.8755690553
2019-07-30,1030017.5106446929
2019-07-31,1036249.4299770839
2019-08-01,1031802.6537488211
2019-08-02,1034443.7159603762
2019-08-05,1034443.7159603762
2019-08-06,1034443.7159603762
2019-08-07,1034443.7159603762
2019-08-08,1034443.7159603762
2019-08-09,1034443.7159603762
2019-08-13,1034443.7159603762
2019-08-14,1034443.7159603762
2019-08-16,1034443.7159603762
2019-08-19,1034443.7159603762
2019-08-20,1034443.7159603762
2019-08-21,1034443.7159603762
2019-08-22,1034443.7159603762
2019-08-23,1034443.7159603762
2019-08-26,1034443.7159603762
2019-08-27,1034443.7159603762
2019-08-28,1034443.7159603762
2019-08-29,1034443.7159603762
2019-08-30,1034443.7159603762
2019-09-03,1034443.7159603762
2019-09-04,1034443.7159603762
2019-09-05,1034443.7159603762
2019-09-06,1034443.7159603762
2019-09-09,1034443.7159603762
2019-09-11,1034443.7159603762
2019-09-12,1034443.7159603762
2019-09-13,1034443.7159603762
2019-09-16,1034443.7159603762
2019-09-17,1034443.7159603762
2019-09-18,1034443.7159603762
2019-09-19,1034443.7159603762
2019-09-20,1034443.7159603762
2019-09-23,1034443.7159603762
2019-09-24,1034443.7159603762
2019-09-25,1034443.7159603762
2019-09-26,1034443.7159603762
2019-09-27,1034443.7159603762
2019-09-30,1034443.7159603762
2019-10-01,1034443.7159603762
2019-10-03,1034022.4279208649
2019-10-04,1027187.5798814526
2019-10-07,1018488.8650510152
2019-10-09,1031696.2031075116
2019-10-10,1025693.1564680655
2019-10-11,1036091.0447214033
2019-10-14,1042403.1569516379
2019-10-15,1053123.3630923762
2019-10-16,1052223.8612467248
2019-10-17,1061897.2570913015
2019-10-18,1067084.6983400085
2019-10-22,1070909.0724984799
2019-10-23,1071850.9652675176
2019-10-24,1065387.9006874377
2019-10-25,1071640.7367237553
2019-10-27,1073927.4600730618
2019-10-29,1088529.9063195067
2019-10-30,1090254.8175210839
2019-10-31,1092110.089758272
2019-11-01,1095269.0814366457
2019-11-04,1099396.540692603
2019-11-05,1098112.447827498
2019-11-06,1101777.171647103
2019-11-07,1103548.3884955826
2019-11-08,1100431.6075207694
2019-11-11,1101712.1272706324
2019-11-13,1092024.3068943843
2019-11-14,1092322.4060105928
2019-11-15,1090711.3548988048
2019-11-18,1092122.076067682
2019-11-19,1095597.8743125526
2019-11-20,1102338.4456553184
2019-11-21,1098069.3367777541
2019-11-22,1095998.273015007
2019-11-25,1101584.921650827
2019-11-26,1098890.8056028117
2019-11-27,1098502.1819098983
2019-11-28,1102324.0749610069
2019-11-29,1098655.568189787
2019-12-02,1097386.5015978385
2019-12-03,1091153.5140641453
2019-12-04,1093489.2965724631
2019-12-05,1093002.424219409
2019-12-06,1088476.9996661157
2019-12-09,1091224.784161964
2019-12-10,1089791.4987583836
2019-12-11,1091900.3786807344
2019-12-12,1096003.439262472
2019-12-13,1094511.5782823423
2019-12-16,1092991.0886764324
2019-12-17,1095134.2535700784
2019-12-18,1099529.3995255514
2019-12-19,1100421.0485347968
2019-12-20,1102820.241504983
2019-12-23,1103271.1400320395
2019-12-24,1101042.5507571253
2019-12-26,1099828.2091967086
2019-12-27,1104220.8601064116
2019-12-30,1104664.6800590637
2019-12-31,1101230.6978105234
2020-01-01,1100213.6585576604
2020-01-02,1101195.6498343078
2020-01-03,1098243.1580708632
2020-01-06,1090750.1329523115
2020-01-07,1092681.715872596
2020-01-08,1091828.3935306773
2020-01-09,1098834.0493511462
2020-01-10,1101277.0140330044
2020-01-13,1104426.133098557
2020-01-14,1106276.5350687625
2020-01-15,1106520.0129156234
2020-01-16,1112002.0060442137
2020-01-17,1114041.453070746
2020-01-20,1115218.98517728
2020-01-21,1111926.7879301396
2020-01-22,1112215.742695989
2020-01-23,1120616.9366390826
2020-01-24,1122443.7092736044
2020-01-27,1117981.0573458027
2020-01-28,1114620.6839708902
2020-01-29,1119926.5116420854
2020-01-30,1115112.3198335778
2020-01-31,1107290.1013004924
2020-02-03,1100467.6371503605
2020-02-04,1110524.0163802833
2020-02-05,1117591.746192658
2020-02-06,1123283.3350399577
2020-02-07,1121779.2903485263
2020-02-10,1112047.9672328935
2020-02-11,1114286.513438889
2020-02-12,1112710.4321680376
2020-02-13,1107971.434134996
2020-02-14,1105433.4921824166
2020-02-17,1098162.2844708494
2020-02-18,1096547.8585076216
2020-02-19,1102260.8184865944
2020-02-20,1103526.6102349767
2020-02-24,1088816.6209516027
2020-02-25,1086733.537740438
2020-02-26,1078975.7408407272
2020-02-27,1077752.0744313865
2020-02-28,1059107.3588399321
2020-03-02,1050828.2455533976
2020-03-03,1066805.4629092747
2020-03-04,1066805.4629092747
2020-03-05,1066805.4629092747
2020-03-06,1066805.4629092747
2020-03-09,1066805.4629092747
2020-03-11,1066805.4629092747
2020-03-12,1066805.4629092747
2020-03-13,1066805.4629092747
2020-03-16,1066805.4629092747
2020-03-17,1066805.4629092747
2020-03-18,1066805.4629092747
2020-03-19,1066805.4629092747
2020-03-20,1066805.4629092747
2020-03-23,1066805.4629092747
2020-03-24,1066805.4629092747
2020-03-25,1066805.4629092747
2020-03-26,1066805.4629092747
2020-03-27,1066805.4629092747
2020-03-30,1066805.4629092747
2020-03-31,1066805.4629092747
2020-04-01,1066805.4629092747
2020-04-03,1066805.4629092747
2020-04-07,1066805.4629092747
2020-04-08,1066805.4629092747
2020-04-09,1066805.4629092747
2020-04-13,1066805.4629092747
2020-04-15,1066805.4629092747
2020-04-16,1066805.4629092747
2020-04-17,1066805.4629092747
2020-04-20,1066805.4629092747
2020-04-21,1066805.4629092747
2020-04-22,1066805.4629092747
2020-04-23,1066805.4629092747
2020-04-24,1066805.4629092747
2020-04-27,1066805.4629092747
2020-04-28,1066805.4629092747
2020-04-29,1066805.4629092747
2020-04-30,1066805.4629092747
2020-05-04,1066805.4629092747
2020-05-05,1066805.4629092747
2020-05-06,1066805.4629092747
2020-05-07,1066805.4629092747
2020-05-08,1066805.4629092747
2020-05-11,1066805.4629092747
2020-05-12,1066805.4629092747
2020-05-13,1066805.4629092747
2020-05-14,1066805.4629092747
2020-05-15,1066805.4629092747
2020-05-18,1066805.4629092747
2020-05-19,1066805.4629092747
2020-05-20,1066805.4629092747
2020-05-21,1066805.4629092747
2020-05-22,1066805.4629092747
2020-05-26,1066805.4629092747
2020-05-27,1066805.4629092747
2020-05-28,1066805.4629092747
2020-05-29,1066805.4629092747
2020-06-01,1066805.4629092747
2020-06-02,1066805.4629092747
2020-06-03,1066805.4629092747
2020-06-04,1066805.4629092747
2020-06-05,1066805.4629092747
2020-06-08,1066805.4629092747
2020-06-09,1066805.4629092747
2020-06-10,1066805.4629092747
2020-06-11,1066805.4629092747
2020-06-12,1066805.4629092747
2020-06-15,1066805.4629092747
2020-06-16,1066805.4629092747
2020-06-17,1066805.4629092747
2020-06-18,1066805.4629092747
2020-06-19,1066805.4629092747
2020-06-22,1066805.4629092747
2020-06-23,1066805.4629092747
2020-06-24,1066805.4629092747
2020-06-25,1066805.4629092747
2020-06-26,1066805.4629092747
2020-06-29,1066805.4629092747
2020-06-30,1066805.4629092747
2020-07-01,1066805.4629092747
2020-07-02,1066805.4629092747
2020-07-03,1066805.4629092747
2020-07-06,1066805.4629092747
2020-07-07,1066805.4629092747
2020-07-08,1066805.4629092747
2020-07-09,1066805.4629092747
2020-07-10,1066805.4629092747
2020-07-13,1066805.4629092747
2020-07-14,1066805.4629092747
2020-07-15,1066805.4629092747
2020-07-16,1066805.4629092747
2020-07-17,1066805.4629092747
2020-07-20,1066805.4629092747
2020-07-21,1066805.4629092747
2020-07-22,1066805.4629092747
2020-07-23,1066805.4629092747
2020-07-24,1066805.4629092747
2020-07-27,1066805.4629092747
2020-07-28,1066805.4629092747
2020-07-29,1066805.4629092747
2020-07-30,1066805.4629092747
2020-07-31,1066805.4629092747
2020-08-03,1066805.4629092747
2020-08-04,1066511.549675195
2020-08-05,1068258.5287790284
2020-08-06,1073222.8906667768
2020-08-07,1080458.6258484048
2020-08-10,1083038.4605169657
2020-08-11,1086434.447545427
2020-08-12,1088305.934397148
2020-08-13,1091299.2184399231
2020-08-14,1084824.7805486985
2020-08-17,1093165.1132784248
2020-08-18,1097307.7036672744
2020-08-19,1098509.088108405
2020-08-20,1094918.841035343
2020-08-21,1100869.2023258964
2020-08-24,1103021.8853701588
2020-08-25,1108001.1689824252
2020-08-26,1111599.6268068305
2020-08-27,1110001.5406679176
2020-08-28,1117779.0260858499
2020-08-31,1101841.1323978205
2020-09-01,1104926.6504165735
2020-09-02,1104280.6176984403
2020-09-03,1112858.3827334247
2020-09-04,1100695.969775065
2020-09-07,1103038.5893585552
2020-09-08,1097543.886460178
2020-09-09,1098978.4790730518
2020-09-10,1103426.3874991909
2020-09-11,1107644.3619818855
2020-09-14,1113628.4275121994
2020-09-15,1117850.1187647018
2020-09-16,1129996.1799269067
2020-09-17,1132634.5607372022
2020-09-18,1150524.397982507
2020-09-21,1131883.9046551003
2020-09-22,1132947.1381977876
2020-09-23,1127779.4009739235
2020-09-24,1114887.8043508981
2020-09-25,1135154.8400688716
2020-09-28,1140210.0303878286
2020-09-29,1135218.795590506
2020-09-30,1138791.4039415051
2020-10-01,1142228.5281822816
2020-10-05,1155599.9803736815
2020-10-06,1159830.9146932971
2020-10-07,1164298.9242356732
2020-10-08,1164342.7564038928
2020-10-09,1160043.6867337143
2020-10-12,1159468.4346807436
2020-10-13,1157310.6165932014
2020-10-14,1154456.2696458665
2020-10-15,1147322.963213393
2020-10-16,1154424.4519128818
2020-10-19,1152902.5637367843
2020-10-20,1155669.4239275944
2020-10-21,1157627.7696296507
2020-10-22,1157443.4659179123
2020-10-23,1164759.2284001573
2020-10-26,1147226.101416985
2020-10-27,1160537.735145276
2020-10-28,1155514.8287912854
2020-10-29,1155478.697442903
2020-10-30,1158678.2924020956
2020-11-02,1148158.3358493554
2020-11-03,1151218.2404023665
2020-11-04,1161542.960920188
2020-11-05,1173991.6161236549
2020-11-06,1177613.4379410744
2020-11-09,1187094.655478334
2020-11-10,1164776.6847126035
2020-11-11,1186746.5099786052
2020-11-12,1182753.8178526363
2020-11-13,1196545.1635531788
2020-11-14,1200415.590930931
2020-11-17,1201843.0992220128
2020-11-18,1202580.7804775527
2020-11-19,1197349.9355335217
2020-11-20,1208845.9588903931
2020-11-23,1221887.875513055
2020-11-24,1226331.5443834588
2020-11-25,1207673.1110270438
2020-11-26,1215134.9351458875
2020-11-27,1219571.0055121137
2020-12-01,1228452.190072015
2020-12-02,1228513.525367606
2020-12-03,1240043.990710633
2020-12-04,1250214.324001479
2020-12-07,1254759.8018882675
2020-12-08,1257672.0618589586
2020-12-09,1258164.7583306343
2020-12-10,1261801.9231942275
2020-12-11,1261189.6712947153
2020-12-14,1265846.3625038709
2020-12-15,1266912.031748742
2020-12-16,1270050.8439253913
2020-12-17,1267200.139335391
2020-12-18,1268283.053208915
2020-12-21,1249969.8392413068
2020-12-22,1260265.9628495944
2020-12-23,1272953.5912107546
2020-12-24,1273770.80787934
2020-12-28,1274504.9555714247
2020-12-29,1273140.4372638161
2020-12-30,1279860.1389733213
2020-12-31,1278221.4163213605
2021-01-01,1280748.8746876335
2021-01-04,1285876.6367955029
2021-01-05,1293568.2172056143
2021-01-06,1293602.784148239
2021-01-07,1303248.181904782
2021-01-08,1313959.3133044734
2021-01-11,1318389.2631666576
2021-01-12,1325900.5190477394
2021-01-13,1328418.159222213
2021-01-14,1326959.4469327014
2021-01-15,1318638.3113992247
2021-01-18,1308761.4145189624
2021-01-19,1319320.119946984
2021-01-20,1329422.4029385643
2021-01-21,1322719.6286063988
2021-01-22,1312062.788236157
2021-01-25,1309711.6825736403
2021-01-27,1298510.7527578368
2021-01-28,1293035.64090432
2021-01-29,1288279.6498632575
2021-02-01,1311607.7413537838
2021-02-02,1325499.7998301806
2021-02-03,1339342.5903145422
2021-02-04,1355029.5760202836
2021-02-05,1363294.6715220648
2021-02-08,1378688.5110328812
2021-02-09,1376736.4951022891
2021-02-10,1379262.831375564
2021-02-11,1379141.149904115
2021-02-12,1372527.6217924708
2021-02-15,1373973.1616038498
2021-02-16,1379964.7766811438
2021-02-17,1384255.117699701
2021-02-18,1390537.6938906196
2021-02-19,1374561.593518017
2021-02-22,1366324.3267742684
2021-02-23,1377923.6720090446
2021-02-24,1391235.8343111814
2021-02-25,1413093.7872305205
2021-02-26,1376024.8017354645
2021-03-01,1395940.1712244572
2021-03-02,1406416.0885247206
2021-03-03,1418465.765151468
2021-03-04,1412053.1677491136
2021-03-05,1401225.8276998983
2021-03-08,1407861.1785955671
2021-03-09,1409198.0706860903
2021-03-10,1420765.5520345634
2021-03-12,1413783.8950094027
2021-03-15,1406892.7396706496
2021-03-16,1406927.418862944
2021-03-17,1391915.1526126582
2021-03-18,1386265.6895806687
2021-03-19,1390987.8694507796
2021-03-22,1394343.2953654411
2021-03-23,1396403.1031001168
2021-03-24,1382173.6515956367
2021-03-25,1368633.4610053012
2021-03-26,1380713.0291076084
2021-03-30,1394838.2493689249
2021-03-31,1394199.2348106005
2021-04-01,1407309.4554588306
2021-04-05,1396562.6275573098
2021-04-06,1405878.5760954886
2021-04-07,1410454.1130422903
2021-04-08,1405257.959395071
2021-04-09,1402229.0435455558
2021-04-12,1357562.3463544638
2021-04-13,1380970.6783107559
2021-04-15,1385495.7069235002
2021-04-16,1392159.4696118045
2021-04-19,1368739.2005794656
2021-04-20,1373505.3944518357
2021-04-22,1377187.5383607727
2021-04-23,1378960.6928567558
2021-04-26,1383749.302502504
2021-04-27,1394087.0374420178
2021-04-28,1412948.372461571
2021-04-29,1415133.5358981523
2021-04-30,1409263.6680738817
2021-05-03,1414905.1746408918
2021-05-04,1410594.6506776833
2021-05-05,1417987.023482001
2021-05-06,1415973.6548374714
2021-05-07,1421104.7730744658
2021-05-10,1432681.3283319625
2021-05-11,1436190.087826455
2021-05-12,1430256.2137138476
2021-05-14,1431322.2969844975
2021-05-17,1440540.1281305368
2021-05-18,1456012.6370512133
2021-05-19,1452501.5277794302
2021-05-20,1447539.3022971042
2021-05-21,1460327.2763010566
2021-05-24,1463991.6344322343
2021-05-25,1464700.6358847907
2021-05-26,1464553.5896978534
2021-05-27,1468103.950468524
2021-05-28,1465357.3646465437
2021-05-31,1467481.452736334
2021-06-01,1472448.4636187106
2021-06-02,1476801.8437942625
2021-06-03,1478895.3097265242
2021-06-04,1483287.3587143566
2021-06-07,1494708.3782879165
2021-06-08,1497096.9545359986
2021-06-09,1496320.7801815239
2021-06-10,1501420.9658513037
2021-06-11,1508130.5675668945
2021-06-14,1510915.7814427456
2021-06-15,1509974.0142460908
2021-06-16,1504117.919553512
2021-06-17,1506015.3093262464
2021-06-18,1499749.375056812
2021-06-21,1499780.0076162969
2021-06-22,1505599.800221223
2021-06-23,1500011.7610070785
2021-06-24,1513042.79138547
2021-06-25,1516461.2088599522
2021-06-28,1516968.7069034243
2021-06-29,1512582.264059825
2021-06-30,1513197.27731241
2021-07-01,1508434.3282406614
2021-07-02,1506134.281502365
2021-07-05,1511966.3224181999
2021-07-06,1513667.8487825515
2021-07-07,1517185.574686875
2021-07-08,1512096.202096215
2021-07-09,1507624.2280167444
2021-07-12,1510243.2687476506
2021-07-13,1515267.2931729113
2021-07-14,1521011.7998387935
2021-07-15,1522260.0543840115
2021-07-16,1523730.9523923462
2021-07-19,1517978.6796551715
2021-07-20,1517178.74266968
2021-07-22,1524111.1923444206
2021-07-23,1529926.232754956
2021-07-26,1530169.6212160557
2021-07-27,1528416.3200466386
2021-07-28,1526792.415765961
2021-07-29,1530145.754301196
2021-07-30,1537492.1997672361
2021-08-02,1542342.0883094065
2021-08-03,1557220.2342578867
2021-08-04,1551970.6142013548
2021-08-05,1546795.016034484
2021-08-06,1549639.0308528924
2021-08-09,1545246.1864854451
2021-08-10,1539839.4720575432
2021-08-11,1541960.8925369517
2021-08-12,1546848.7839292465
2021-08-13,1555102.2781614414
2021-08-16,1556637.0332116745
2021-08-17,1564774.4871032233
2021-08-18,1567047.921806553
2021-08-20,1564189.6278978204
2021-08-23,1558345.1976023028
2021-08-24,1564078.7158502447
2021-08-25,1563533.1991122323
2021-08-26,1564191.5479850504
2021-08-27,1566281.07889042
2021-08-30,1577106.4638864994
2021-08-31,1590152.7194033214
2021-09-01,1591610.8844138226
2021-09-02,1595337.010944175
2021-09-03,1598384.8316128082
2021-09-06,1605591.404130965
2021-09-07,1600580.4781338023
2021-09-08,1603019.6784544908
2021-09-09,1605615.8441544222
2021-09-13,1607640.8811329482
2021-09-14,1611977.2200343062
2021-09-15,1628825.0854404513
2021-09-16,1623311.7669889717
2021-09-17,1618643.950909506
2021-09-20,1607257.7401804025
2021-09-21,1619086.7822515736
2021-09-22,1624779.4832460228
2021-09-23,1637490.061693851
2021-09-24,1638152.1274908967
2021-09-27,1632661.2869416764
2021-09-28,1632877.1998034916
2021-09-29,1647540.438895287
2021-09-30,1640883.8822408079
2021-10-01,1640579.6231289702
2021-10-04,1650447.9762589452
2021-10-05,1652674.7460105927
2021-10-06,1647138.1589340633
2021-10-07,1652167.7192171859
2021-10-08,1652270.4855036573
2021-10-11,1643071.148096299
2021-10-12,1640986.0809724415
2021-10-13,1648397.4446807862
2021-10-14,1650823.385887112
2021-10-18,1651953.7994528115
2021-10-19,1640669.023209821
2021-10-20,1633723.378139339
2021-10-21,1624338.370340751
2021-10-22,1617427.0980201517
2021-10-25,1623190.5484866935
2021-10-26,1634043.0126649593
2021-10-27,1635556.9358956772
2021-10-28,1622571.5684412746
2021-10-29,1624777.840101583
2021-11-01,1640135.0526967032
2021-11-02,1635788.7001646857
2021-11-03,1626027.9500640125
2021-11-04,1629096.458229987
2021-11-08,1644615.0674045067
2021-11-09,1638399.0472601405
2021-11-10,1639923.5996914639
2021-11-11,1632266.608035307
2021-11-12,1644972.2793251253
2021-11-15,1644686.4814988556
2021-11-16,1639527.5949417525
2021-11-17,1634597.9414660376
2021-11-18,1623179.1708295431
2021-11-22,1593881.1488331314
2021-11-23,1607794.788722083
2021-11-24,1602563.739250062
2021-11-25,1608868.6918453549
2021-11-26,1565538.5548615071
2021-11-29,1564712.1494009218
2021-11-30,1563276.9571457808
2021-12-01,1575567.8039563212
2021-12-02,1585627.3741224678
2021-12-03,1573993.8715927668
2021-12-06,1557164.7067909278
2021-12-07,1567363.090607821
2021-12-08,1579826.5161701906
2021-12-09,1583503.147446625
2021-12-10,1587191.284250124
2021-12-13,1581676.7206323273
2021-12-14,1576062.1035662275
2021-12-15,1575654.73370279
2021-12-16,1573886.5594554655
2021-12-17,1562978.2279386013
2021-12-20,1544143.6180102439
2021-12-21,1553761.2903631835
2021-12-22,1557386.0472722782
2021-12-23,1563162.2167177254
2021-12-24,1561166.212507274
2021-12-27,1564486.2082565592
2021-12-28,1578050.478573497
2021-12-29,1579510.1411256744
2021-12-30,1581328.417198814
2021-12-31,1590772.2761970866
2022-01-03,1598005.6977392319
2022-01-04,1600386.7304634454
2022-01-05,1616907.282124869
2022-01-06,1613949.5348983994
2022-01-07,1619307.1370324257
2022-01-10,1631796.3527054128
2022-01-11,1634215.3308783397
2022-01-12,1648841.378694946
2022-01-13,1652836.9142718199
2022-01-14,1648470.3035560055
2022-01-17,1660216.1837345054
2022-01-18,1648927.9004980563
2022-01-19,1647584.2349122996
2022-01-20,1637701.8587973285
2022-01-21,1622616.4812235346
2022-01-24,1596897.8535721102
2022-01-25,1603120.511205101
2022-01-27,1598246.3241617053
2022-01-28,1602694.5149394555
2022-01-31,1620673.7199715958
2022-02-01,1623785.2104681293
2022-02-02,1633316.3364118007
2022-02-03,1624101.1963748126
2022-02-04,1624462.9837451288
2022-02-07,1604997.544872668
2022-02-08,1605840.5870145126
2022-02-09,1611936.177392847
2022-02-10,1618520.3776528463
2022-02-11,1608103.283739555
2022-02-14,1588138.2555923574
2022-02-15,1612483.876538098
2022-02-16,1614362.4104854076
2022-02-17,1612092.5134750968
2022-02-18,1610136.298144361
2022-02-21,1597272.7455986138
2022-02-22,1588216.1442716646
2022-02-23,1586394.628435549
2022-02-24,1545792.6671862672
2022-02-25,1568721.8177898796
2022-02-28,1577287.7914442602
2022-03-02,1572356.1102024848
2022-03-03,1565981.249467879
2022-03-04,1565981.249467879
2022-03-07,1565981.249467879
2022-03-08,1565981.249467879
2022-03-09,1565981.249467879
2022-03-10,1565981.249467879
2022-03-11,1565981.249467879
2022-03-14,1565981.249467879
2022-03-15,1565981.249467879
2022-03-16,1565981.249467879
2022-03-17,1565981.249467879
2022-03-21,1565981.249467879
2022-03-22,1565981.249467879
2022-03-23,1565981.249467879
2022-03-24,1565981.249467879
2022-03-25,1565981.249467879
2022-03-28,1565981.249467879
2022-03-29,1565981.249467879
2022-03-30,1565981.249467879
2022-03-31,1565981.249467879
2022-04-01,1565981.249467879
2022-04-04,1565346.6378345224
2022-04-05,1573995.5311931223
2022-04-06,1575038.5429360047
2022-04-07,1576510.3590955925
2022-04-08,1586246.9806304835
2022-04-11,1585220.0320663545
2022-04-12,1578204.74802163
2022-04-13,1581115.0343297326
2022-04-18,1588372.8776175866
2022-04-19,1563017.7626078832
2022-04-20,1575164.2712996728
2022-04-21,1590437.1099293488
2022-04-22,1580961.0093234747
2022-04-25,1564549.9766385185
2022-04-26,1580857.947991987
2022-04-27,1573160.7749228107
2022-04-28,1590560.561352477
2022-04-29,1575605.6579281334
2022-05-02,1572559.5813392147
2022-05-04,1557497.0013032083
2022-05-05,1557497.0013032083
2022-05-06,1557497.0013032083
2022-05-09,1557497.0013032083
2022-05-10,1557497.0013032083
2022-05-11,1557497.0013032083
2022-05-12,1557497.0013032083
2022-05-13,1557497.0013032083
2022-05-16,1557497.0013032083
2022-05-17,1557497.0013032083
2022-05-18,1557497.0013032083
2022-05-19,1557497.0013032083
2022-05-20,1557497.0013032083
2022-05-23,1557497.0013032083
2022-05-24,1557497.0013032083
2022-05-25,1557497.0013032083
2022-05-26,1557497.0013032083
2022-05-27,1557497.0013032083
2022-05-30,1557497.0013032083
2022-05-31,1557497.0013032083
2022-06-01,1557497.0013032083
2022-06-02,1557497.0013032083
2022-06-03,1557497.0013032083
2022-06-06,1557497.0013032083
2022-06-07,1557497.0013032083
2022-06-08,1557497.0013032083
2022-06-09,1557497.0013032083
2022-06-10,1557497.0013032083
2022-06-13,1557497.0013032083
2022-06-14,1557497.0013032083
2022-06-15,1557497.0013032083
2022-06-16,1557497.0013032083
2022-06-17,1557497.0013032083
2022-06-20,1557497.0013032083
2022-06-21,1557497.0013032083
2022-06-22,1557497.0013032083
2022-06-23,1557497.0013032083
2022-06-24,1557497.0013032083
2022-06-27,1557497.0013032083
2022-06-28,1557497.0013032083
2022-06-29,1557497.0013032083
2022-06-30,1557497.0013032083
2022-07-01,1557497.0013032083
2022-07-04,1557497.0013032083
2022-07-05,1557497.0013032083
2022-07-06,1557497.0013032083
2022-07-07,1557497.0013032083
2022-07-08,1557497.0013032083
2022-07-11,1557497.0013032083
2022-07-12,1557497.0013032083
2022-07-13,1557497.0013032083
2022-07-14,1557497.0013032083
2022-07-15,1557497.0013032083
2022-07-18,1557497.0013032083
2022-07-19,1557497.0013032083
2022-07-20,1557497.0013032083
2022-07-21,1557497.0013032083
2022-07-22,1557497.0013032083
2022-07-25,1557497.0013032083
2022-07-26,1557497.0013032083
2022-07-27,1557497.0013032083
2022-07-28,1557497.0013032083
2022-07-29,1557497.0013032083
2022-08-01,1557497.0013032083
2022-08-02,1556747.4977293252
2022-08-03,1559752.5725307143
2022-08-04,1559665.8529934576
2022-08-05,1562398.8879085719
2022-08-08,1570089.926967494
2022-08-10,1573535.9088093324
2022-08-11,1571098.1047432034
2022-08-12,1583353.6909774777
2022-08-16,1595257.2177892835
2022-08-17,1612669.9722429244
2022-08-18,1613963.8858013651
2022-08-19,1600310.9898185753
2022-08-22,1585285.4701102986
2022-08-23,1596101.0534130908
2022-08-24,1601500.825464089
2022-08-25,1597999.682645466
2022-08-26,1602947.7501789513
2022-08-29,1587122.570338314
2022-08-30,1612953.5911613256
2022-09-01,1601359.3056923156
2022-09-02,1595663.8074806537
2022-09-05,1601181.9598055482
2022-09-06,1601749.5501576753
2022-09-07,1600924.2412364227
2022-09-08,1605992.338274818
2022-09-09,1609177.7590105394
2022-09-12,1614888.8971336603
2022-09-13,1621224.4216742632
2022-09-14,1617457.6068113134
2022-09-15,1612576.3825240857
2022-09-16,1590451.0181352021
2022-09-19,1593497.163524697
2022-09-20,1601803.2021551097
2022-09-21,1592538.2439336395
2022-09-22,1588515.9024210256
2022-09-23,1565604.514891812
2022-09-26,1560142.7537968939
2022-09-27,1564537.059525435
2022-09-28,1564285.4786244878
2022-09-29,1559466.5109240804
2022-09-30,1568444.1135398853
2022-10-03,1555749.665566527
2022-10-04,1572089.6235720827
2022-10-06,1572089.6235720827
2022-10-07,1572089.6235720827
2022-10-10,1572089.6235720827
2022-10-11,1572089.6235720827
2022-10-12,1572089.6235720827
2022-10-13,1572089.6235720827
2022-10-14,1572089.6235720827
2022-10-17,1572089.6235720827
2022-10-18,1572089.6235720827
2022-10-19,1572089.6235720827
2022-10-20,1572089.6235720827
2022-10-21,1572089.6235720827
2022-10-24,1572089.6235720827
2022-10-25,1572089.6235720827
2022-10-27,1572089.6235720827
2022-10-28,1572089.6235720827
2022-10-31,1572089.6235720827
2022-11-01,1572089.6235720827
2022-11-02,1571593.487124439
2022-11-03,1571171.6983491578
2022-11-04,1577432.4429958898
2022-11-07,1590738.9321137331
2022-11-09,1590395.7398190435
2022-11-10,1578478.1867825147
2022-11-11,1578660.156762442
2022-11-14,1576516.0350279242
2022-11-15,1580518.9914554432
2022-11-16,1576564.0043362605
2022-11-17,1574212.6227352028
2022-11-18,1567431.3079660125
2022-11-21,1561672.9038689332
2022-11-22,1566579.580131465
2022-11-23,1566662.8030656858
2022-11-24,1574918.9371337295
2022-11-25,1574592.9292814878
2022-11-28,1577759.407090554
2022-11-29,1580920.2789823066
2022-11-30,1591701.4546005675
2022-12-01,1593804.2147611661
2022-12-02,1589151.2996362164
2022-12-05,1590787.6168134753
2022-12-06,1592114.9565102127
2022-12-07,1586935.9641189198
2022-12-08,1589175.4424277737
2022-12-09,1589505.2057736944
2022-12-12,1586733.9757559383
2022-12-13,1592624.2748982334
2022-12-14,1594720.684575424
2022-12-15,1588814.166001873
2022-12-16,1577746.4260081374
2022-12-19,1590221.7134343935
2022-12-20,1582925.4130640735
2022-12-21,1575543.967399774
2022-12-22,1569990.4868626785
2022-12-23,1554290.0781297237
2022-12-26,1561262.0111826067
2022-12-27,1562762.1423085597
2022-12-28,1567287.5675569049
2022-12-29,1570322.2263740136
2022-12-30,1566817.170777089
2023-01-02,1568108.7151411774
2023-01-03,1570336.704763868
2023-01-04,1565963.7695375877
2023-01-05,1574720.454835383
2023-01-06,1572998.5787637816
2023-01-09,1585629.8454016156
2023-01-10,1575595.349982665
2023-01-11,1572642.2116383794
2023-01-12,1573152.8441179309
2023-01-13,1579620.1082494217
2023-01-16,1576096.3451615674
2023-01-17,1583203.3653280959
2023-01-18,1585513.9020409323
2023-01-19,1583465.1704070864
2023-01-20,1575738.339794031
2023-01-23,1580709.883962835
2023-01-24,1580486.2905083136
2023-01-25,1574781.578298353
2023-01-27,1571176.6464409216
2023-01-30,1573871.244965774
2023-01-31,1575958.426086354
2023-02-01,1562935.881021746
2023-02-02,1566276.006942585
2023-02-03,1562851.9009412697
2023-02-06,1558460.7186201792
2023-02-07,1560681.2211027448
2023-02-08,1562984.4575733473
2023-02-09,1566713.5438346637
2023-02-10,1565506.2084503162
2023-02-13,1560719.8556980425
2023-02-14,1561392.933208109
2023-02-15,1566516.5337237848
2023-02-16,1575337.411095953
2023-02-17,1569875.3515138652
2023-02-20,1558740.8833395506
2023-02-21,1557690.9583906487
2023-02-22,1548381.0103824618
2023-02-23,1542126.8325739794
2023-02-24,1547862.04912978
2023-02-27,1539361.8081345377
2023-02-28,1539250.5598753875
2023-03-01,1543892.2937125987
2023-03-02,1537905.5329315616
2023-03-03,1546188.0660990565
2023-03-06,1548499.2868380826
2023-03-08,1554398.8918180019
2023-03-09,1551404.3178422898
2023-03-10,1546526.951388359
2023-03-13,1532457.0914865136
2023-03-14,1529854.8456109012
2023-03-15,1524368.5095603662
2023-03-16,1524637.3709639995
2023-03-17,1528808.9104159677
2023-03-20,1524070.7368881227
2023-03-21,1529464.730447942
2023-03-22,1529044.9882959663
2023-03-23,1533682.150791324
2023-03-24,1527459.1500544162
2023-03-27,1525419.3830117232
2023-03-28,1524392.5885319593
2023-03-29,1531972.0022590589
2023-03-31,1541799.1587699736
2023-04-03,1547740.4898020509
2023-04-05,1546701.5221877706
2023-04-06,1546701.5221877706
2023-04-10,1546701.5221877706
2023-04-11,1546701.5221877706
2023-04-12,1546701.5221877706
2023-04-13,1546701.5221877706
2023-04-17,1546701.5221877706
2023-04-18,1546701.5221877706
2023-04-19,1546701.5221877706
2023-04-20,1546701.5221877706
2023-04-21,1546701.5221877706
2023-04-24,1546701.5221877706
2023-04-25,1546701.5221877706
2023-04-26,1546701.5221877706
2023-04-27,1546701.5221877706
2023-04-28,1546701.5221877706
2023-05-02,1546701.5221877706
2023-05-03,1546256.1320272535
2023-05-04,1550245.483735729
2023-05-05,1551978.011652963
2023-05-08,1561043.9970777798
2023-05-09,1563951.4639413273
2023-05-10,1566409.843088438
2023-05-11,1572235.3548236575
2023-05-12,1579921.2171474656
2023-05-15,1580689.0142001752
2023-05-16,1576608.6813909365
2023-05-17,1572215.0221600477
2023-05-18,1570539.985120806
2023-05-19,1574469.772065172
2023-05-22,1580712.5608546098
2023-05-23,1584372.4751349979
2023-05-24,1583825.621450008
2023-05-25,1588189.2629431225
2023-05-26,1594477.6145297512
2023-05-29,1596096.3682338812
2023-05-30,1596960.9880758252
2023-05-31,1594719.6177097848
2023-06-01,1597604.9018671159
2023-06-02,1599405.7712657535
2023-06-05,1604817.445977019
2023-06-06,1605732.2817396552
2023-06-07,1612140.5027324539
2023-06-08,1604418.227041787
2023-06-09,1602927.09723524
2023-06-12,1604993.8933199123
2023-06-13,1611888.1543596075
2023-06-14,1617498.1013926135
2023-06-15,1618495.1040317547
2023-06-16,1623697.342158519
2023-06-19,1622417.606449707
2023-06-20,1630432.8513788634
2023-06-21,1643638.8483751016
2023-06-22,1635304.2043966434
2023-06-23,1622853.9773121984
2023-06-26,1632029.887510154
2023-06-27,1634987.9908403247
2023-06-28,1642294.2386992034
2023-06-30,1651571.4848326806
2023-07-03,1653449.481059267
2023-07-04,1655051.08738441
2023-07-05,1656062.8222755054
2023-07-06,1657904.4215538204
2023-07-07,1644648.4309114255
2023-07-10,1638826.1694022308
2023-07-11,1646950.1954850096
2023-07-12,1648209.467712954
2023-07-13,1644796.0608031752
2023-07-14,1651182.5686891451
2023-07-17,1653556.3590480855
2023-07-18,1651911.3165842183
2023-07-19,1656946.7781749326
2023-07-20,1664466.161530517
2023-07-21,1657933.8366387337
2023-07-24,1651516.8570398013
2023-07-25,1650174.3345986118
2023-07-26,1651155.5003455048
2023-07-27,1641571.1294107954
2023-07-28,1647393.3016524906
2023-07-31,1644609.1300124016
2023-08-01,1639500.682413829
2023-08-02,1630959.7320337272
2023-08-03,1627048.9329352048
2023-08-04,1626608.825782518
2023-08-07,1631940.9740247815
2023-08-08,1629491.505498994
2023-08-09,1634091.9495912855
2023-08-10,1632015.2199345538
2023-08-11,1627541.7817161435
2023-08-14,1626748.6472527487
2023-08-16,1626798.144382826
2023-08-17,1627704.0433979342
2023-08-18,1626961.931285753
2023-08-21,1630706.5794079476
2023-08-22,1630360.7673542332
2023-08-23,1628995.4214721308
2023-08-24,1627687.5245230491
2023-08-25,1621109.6497952805
2023-08-28,1626888.316914629
2023-08-29,1631586.0920742135
2023-08-30,1630322.941078471
2023-08-31,1621711.8261626044
2023-09-01,1627867.372648564
2023-09-04,1628607.573999389
2023-09-05,1634330.5077239056
2023-09-06,1639709.1605104273
2023-09-07,1644418.8518675538
2023-09-08,1648915.8433009512
2023-09-11,1657718.0519209162
2023-09-12,1652295.8760641706
2023-09-13,1656281.0229069141
2023-09-14,1659095.9064582058
2023-09-15,1656957.0707909383
2023-09-18,1663168.704568937
2023-09-20,1652776.7012278764
2023-09-21,1649308.7178257157
2023-09-22,1647639.142307879
2023-09-25,1648412.8716555266
2023-09-26,1651216.9042645919
2023-09-27,1654163.3364671841
2023-09-28,1646020.7861006306
2023-09-29,1651078.8692636606
2023-10-03,1647966.6619649748
2023-10-04,1648813.2214632677
2023-10-05,1649950.8944311184
2023-10-06,1654903.7009289288
2023-10-09,1647874.6201470243
2023-10-10,1657122.268665881
2023-10-11,1666112.3375071394
2023-10-12,1668393.5920290046
2023-10-13,1668858.3788661975
2023-10-16,1666346.366868245
2023-10-17,1672546.1762600937
2023-10-18,1672559.9305929127
2023-10-19,1677079.7302189372
2023-10-20,1666325.6764052822
2023-10-23,1651153.610469575
2023-10-25,1644595.501864985
2023-10-26,1631756.0448028944
2023-10-27,1641553.1212566572
2023-10-30,1642209.4673484731
2023-10-31,1644291.836747634
2023-11-01,1635433.0506951357
2023-11-02,1643229.5500512728
2023-11-03,1655588.160029266
2023-11-06,1665843.459775235
2023-11-07,1665066.481708391
2023-11-08,1668424.400249589
2023-11-09,1669326.3943884834
2023-11-10,1671651.5173378766
2023-11-13,1674577.2651705518
2023-11-15,1690804.534460098
2023-11-16,1692070.2608163469
2023-11-17,1696505.4808539983
2023-11-20,1692150.975388134
2023-11-21,1696004.0446811854
2023-11-22,1698076.3062256833
2023-11-23,1692056.302750317
2023-11-24,1692220.421689819
2023-11-28,1695046.8359898955
2023-11-29,1702530.3142165435
2023-11-30,1707526.3776714983
2023-12-01,1718736.3597305557
2023-12-04,1745288.315207092
2023-12-05,1755848.7923893207
2023-12-06,1762073.316146925
2023-12-07,1761317.5379342777
2023-12-08,1760624.5231907396
2023-12-11,1763035.4662472475
2023-12-12,1757861.5215058252
2023-12-13,1757947.6593953017
2023-12-14,1771224.474049794
2023-12-15,1783082.91636057
2023-12-18,1783340.2597105585
2023-12-19,1784039.8958395207
2023-12-20,1764655.557996457
2023-12-21,1766469.046396176
2023-12-22,1776617.7170688324
2023-12-26,1777124.9112626645
2023-12-27,1784273.0156330222
2023-12-28,1786296.1139486714
2023-12-29,1788049.8809279986
2024-01-01,1793312.4624406036
2024-01-02,1786405.1439637106
2024-01-03,1793959.6866731339
2024-01-04,1802546.948283432
2024-01-05,1805140.2313936905
2024-01-08,1796719.6927039945
2024-01-09,1805736.896032675
2024-01-10,1799706.450871533
2024-01-11,1806066.2694594057
2024-01-12,1801607.4735268701
2024-01-15,1803575.9050216954
2024-01-16,1796016.8594288237
2024-01-17,1782357.6007336199
2024-01-18,1774943.1825130593
2024-01-19,1788715.6781884262
2024-01-23,1777371.426912812
2024-01-24,1793849.765492961
2024-01-25,1791360.28179818
2024-01-29,1808825.0923124386
2024-01-30,1800873.897152158
2024-01-31,1817709.167196025
2024-02-01,1831145.3132825377
2024-02-02,1855287.2359940095
2024-02-05,1850124.8957368657
2024-02-06,1859647.0136203985
2024-02-07,1861148.006242204
2024-02-08,1841994.2546621042
2024-02-09,1843606.036614047
2024-02-12,1840553.3277373903
2024-02-13,1848808.0996569488
2024-02-14,1851761.5017964938
2024-02-15,1852343.104836919
2024-02-16,1862544.9530160578
2024-02-19,1861776.4636268276
2024-02-20,1864469.9022398556
2024-02-21,1857659.384480754
2024-02-22,1866667.6854421995
2024-02-23,1864969.0782109462
2024-02-26,1860447.3403334636
2024-02-27,1861648.062812783
2024-02-28,1846757.9505143175
2024-02-29,1850974.560450228
2024-03-01,1857985.1626685513
2024-03-04,1853672.832747071
2024-03-05,1845229.0540102783
2024-03-06,1847090.325756402
2024-03-07,1850253.1713939921
2024-03-11,1842264.3097873335
2024-03-12,1842061.9892355476
2024-03-13,1823220.4076170365
2024-03-14,1836211.651000203
2024-03-15,1828475.6928556813
2024-03-18,1824252.118901945
2024-03-19,1803035.0830111392
2024-03-20,1808980.35421149
2024-03-21,1825365.3768604568
2024-03-22,1823073.8074634708
2024-03-26,1822328.4648034652
2024-03-27,1819005.1680031403
2024-03-28,1834281.6588306958
2024-04-01,1842693.6971649753
2024-04-02,1840013.7350977836
2024-04-03,1839075.540417343
2024-04-04,1844252.8136932147
2024-04-05,1842971.6281470603
2024-04-08,1846572.0236409828
2024-04-09,1842681.1022009505
2024-04-10,1850521.3222971782
2024-04-12,1839936.6722675806
2024-04-15,1830036.6421424868
2024-04-16,1824097.757621505
2024-04-18,1823863.799772183
2024-04-19,1827190.224695075
2024-04-22,1835745.93587889
2024-04-23,1843117.9189498192
2024-04-24,1843533.4163319883
2024-04-25,1830557.1336073931
2024-04-26,1833071.236890953
2024-04-29,1837130.4280957123
2024-04-30,1834897.4008116708
2024-05-02,1837277.0054425055
2024-05-03,1827719.1323334877
2024-05-06,1827031.9606059683
2024-05-07,1832329.4365767376
2024-05-08,1823912.5873510852
2024-05-09,1810661.497119127
2024-05-10,1814857.6814324644
2024-05-13,1819173.9123814255
2024-05-14,1819040.849371293
2024-05-15,1812605.0696501704
2024-05-16,1825123.7226405425
2024-05-17,1821926.8257039995
2024-05-21,1825656.4806594225
2024-05-22,1833158.80324722
2024-05-23,1844707.9371848037
2024-05-24,1836935.6504004141
2024-05-27,1838058.3685425164
2024-05-28,1840863.1549574689
2024-05-29,1832553.8693522539
2024-05-30,1813595.4989820628
2024-05-31,1812322.5172191416
2024-06-03,1822361.7898509323
2024-06-04,1817998.89280326
2024-06-05,1855318.0933317705
2024-06-06,1866402.07826197
2024-06-07,1883499.329136698
2024-06-10,1883872.9863849147
2024-06-11,1881157.2870247704
2024-06-12,1885725.4234205107
2024-06-13,1899314.9257625542
2024-06-14,1904355.6530760177
2024-06-18,1910306.862246754
2024-06-19,1898931.981429163
2024-06-20,1898046.400577487
2024-06-21,1895617.4303308516
2024-06-24,1901579.3235114026
2024-06-25,1910241.7089487119
2024-06-26,1908281.2831008001
2024-06-27,1916133.1162848184
2024-06-28,1923077.8068237477
2024-07-01,1929322.2235444947
2024-07-02,1920521.9937705083
2024-07-03,1924687.3273429626
2024-07-04,1925723.759231797
2024-07-05,1927368.2225430734
2024-07-08,1924048.1935562207
2024-07-09,1927920.1238696738
2024-07-10,1931156.6861655493
2024-07-11,1932712.2071264694
2024-07-12,1944111.3945172662
2024-07-15,1946685.7148163137
2024-07-16,1948193.4920072537
2024-07-18,1958262.1161659723
2024-07-19,1948428.1680887113
2024-07-22,1949427.7278294745
2024-07-23,1952190.706728078
2024-07-24,1953159.0019118753
2024-07-25,1954039.7289513177
2024-07-26,1974841.6793086482
2024-07-29,1975252.027806893
2024-07-30,1979729.2191235297
2024-07-31,1986063.0893377876
2024-08-01,1988559.9668720174
2024-08-02,1980100.6330244336
2024-08-05,1955010.5491378033
2024-08-06,1950719.8798928566
2024-08-07,1963603.5979734075
2024-08-08,1949744.4067499517
2024-08-09,1961112.113053949
2024-08-12,1956672.0026282421
2024-08-13,1952356.8167736584
2024-08-14,1949137.099584705
2024-08-16,1968226.945847035
2024-08-19,1969459.0261023548
2024-08-20,1974043.7438751496
2024-08-21,1982482.1808203275
2024-08-22,1989410.5791974708
2024-08-23,1994904.4309492987
2024-08-26,1997472.0964112289
2024-08-27,1994973.4908076606
2024-08-28,1998215.2896571078
2024-08-29,2005776.809565706
2024-08-30,2013015.3815059843
2024-09-02,2021760.3868330454
2024-09-03,2017130.728226376
2024-09-04,2006828.2051939867
2024-09-05,2001114.1655599037
2024-09-06,1984168.1810723054
2024-09-09,1991148.066706052
2024-09-10,1995109.212210978
2024-09-11,1987356.5456402549
2024-09-12,2007207.3382637629
2024-09-13,2007602.5524226348
2024-09-16,2013605.1307328139
2024-09-17,2013417.770153914
2024-09-18,2017372.984723954
2024-09-19,2015538.58373067
2024-09-20,2031108.5007807936
2024-09-23,2034178.7682211106
2024-09-24,2032366.6145487141
2024-09-25,2033804.3344476104
2024-09-26,2044131.5126088324
2024-09-27,2042749.3347063516
2024-09-30,2027043.3724878302
2024-10-01,2024250.7564566163
2024-10-03,2000821.9742876447
2024-10-04,1993506.1134400303
2024-10-07,1976487.9763472604
2024-10-08,1987647.7632587785
2024-10-09,1984227.2488034074
2024-10-10,1984821.6622086486
2024-10-11,1985373.7323551457
2024-10-14,1990320.7972135139
2024-10-15,1985259.0155594684
2024-10-16,1984007.8652683524
2024-10-17,1975139.7880278348
2024-10-18,1980670.608413735
2024-10-21,1967447.0541336192
2024-10-22,1948764.9338828428
2024-10-23,1945688.5704943778
2024-10-24,1942312.2444401106
2024-10-25,1898921.679542047
2024-10-28,1907778.4201555713
2024-10-29,1916160.2836051607
2024-10-30,1918732.3094423395
2024-10-31,1927400.7555836583
2024-11-01,1931362.3288841704
2024-11-04,1916085.7383119923
2024-11-05,1920683.3004392458
2024-11-06,1940925.0627743467
2024-11-07,1940664.3150485964
2024-11-08,1934041.9064120147
2024-11-11,1925546.4808429442
2024-11-12,1905108.7429567447
2024-11-13,1885969.6664799368
2024-11-14,1878128.9574050945
2024-11-18,1865404.966779531
2024-11-19,1867425.0473883108
2024-11-21,1849177.8257628258
2024-11-22,1878678.7966686895
2024-11-25,1892564.1115069725
2024-11-26,1888511.8466467503
2024-11-27,1892170.215351607
2024-11-28,1874291.1834700592
2024-11-29,1879887.627493954
2024-12-02,1893201.435690727
2024-12-03,1902675.6174497975
2024-12-04,1900647.246459527
2024-12-05,1909040.9507481258
2024-12-06,1912210.0522320638
2024-12-09,1907121.6164212336
2024-12-10,1905085.443359418
2024-12-11,1909550.4830408522
2024-12-12,1897268.3374288941
2024-12-13,1907099.0564772913
2024-12-16,1906540.1720099433
2024-12-17,1887569.667869292
2024-12-18,1882162.8460253212
2024-12-19,1878929.6091072576
2024-12-20,1868532.916398265
2024-12-23,1868639.765464634
2024-12-24,1874469.141865684
2024-12-26,1877136.8267042818
2024-12-27,1885871.4518650114
2024-12-30,1876491.9114359322
2024-12-31,1883594.21351265
2025-01-01,1885796.241144654
2025-01-02,1906123.5730465592
2025-01-03,1906123.5730465592
2025-01-06,1906123.5730465592
2025-01-07,1906123.5730465592
2025-01-08,1906123.5730465592
2025-01-09,1906123.5730465592
2025-01-10,1906123.5730465592
2025-01-13,1906123.5730465592
2025-01-14,1906123.5730465592
2025-01-15,1906123.5730465592
2025-01-16,1906123.5730465592
2025-01-17,1906123.5730465592
2025-01-20,1906123.5730465592
2025-01-21,1906123.5730465592
2025-01-22,1906123.5730465592
2025-01-23,1906123.5730465592
2025-01-24,1906123.5730465592
2025-01-27,1906123.5730465592
2025-01-28,1906123.5730465592
2025-01-29,1906123.5730465592
2025-01-30,1906123.5730465592
2025-01-31,1906123.5730465592
2025-02-01,1906123.5730465592
2025-02-03,1906123.5730465592
2025-02-04,1906123.5730465592
2025-02-05,1906123.5730465592
2025-02-06,1906123.5730465592
2025-02-07,1906123.5730465592
2025-02-10,1906123.5730465592
2025-02-11,1906123.5730465592
2025-02-12,1906123.5730465592
2025-02-13,1906123.5730465592
2025-02-14,1906123.5730465592
2025-02-17,1906123.5730465592
2025-02-18,1906123.5730465592
2025-02-19,1906123.5730465592
2025-02-20,1906123.5730465592
2025-02-21,1906123.5730465592
2025-02-24,1906123.5730465592
2025-02-25,1906123.5730465592
2025-02-27,1906123.5730465592
2025-02-28,1906123.5730465592
2025-03-03,1906123.5730465592
2025-03-04,1906123.5730465592
2025-03-05,1906123.5730465592
2025-03-06,1906123.5730465592
2025-03-07,1906123.5730465592
2025-03-10,1906123.5730465592
2025-03-11,1906123.5730465592
2025-03-12,1906123.5730465592
2025-03-13,1906123.5730465592
2025-03-17,1906123.5730465592
2025-03-18,1906123.5730465592
2025-03-19,1906123.5730465592
2025-03-20,1906123.5730465592
2025-03-21,1906123.5730465592
2025-03-24,1906123.5730465592
2025-03-25,1906123.5730465592
2025-03-26,1906123.5730465592
2025-03-27,1906123.5730465592
2025-03-28,1906123.5730465592
2025-04-01,1906123.5730465592
2025-04-02,1906123.5730465592
2025-04-03,1906123.5730465592
2025-04-04,1906123.5730465592
2025-04-07,1906123.5730465592
2025-04-08,1906123.5730465592
2025-04-09,1906123.5730465592
2025-04-11,1906123.5730465592
2025-04-15,1906123.5730465592
2025-04-16,1906123.5730465592
2025-04-17,1906123.5730465592
2025-04-21,1906123.5730465592
2025-04-22,1906123.5730465592
2025-04-23,1906123.5730465592
2025-04-24,1906123.5730465592
2025-04-25,1906123.5730465592
2025-04-28,1906123.5730465592
2025-04-29,1906123.5730465592
2025-04-30,1906123.5730465592
2025-05-02,1906123.5730465592
2025-05-05,1905546.806041974
2025-05-06,1902954.8424511661
2025-05-07,1903473.457000669
2025-05-08,1891265.161492703
2025-05-09,1880045.3492488535
2025-05-12,1918769.7220087573
2025-05-13,1909256.2182597425
2025-05-14,1917308.0360267162
2025-05-15,1934212.450072656
2025-05-16,1934362.116254978
2025-05-19,1935730.7064043754
2025-05-20,1921517.3710912073
2025-05-21,1924736.2984516635
2025-05-22,1914980.442424709
2025-05-23,1922731.6025273483
2025-05-26,1930511.0592813971
2025-05-27,1922655.2375199562
2025-05-28,1916083.9676846014
2025-05-29,1917049.8419727245
2025-05-30,1910814.1560433002
2025-06-02,1908651.5196996504
2025-06-03,1904321.6119145905
2025-06-04,1901609.1201219251
2025-06-05,1905996.3197331699
2025-06-06,1922500.6085088553
2025-06-09,1934353.321986607
2025-06-10,1939227.1482889142
2025-06-11,1938410.3288482216
2025-06-12,1931927.9615746732
2025-06-13,1926852.401182127
2025-06-16,1939717.1000428637
2025-06-17,1929780.7919475532
2025-06-18,1925486.9404164094
2025-06-19,1931436.6805560966
2025-06-20,1943048.1739854245
2025-06-23,1940542.06796865
2025-06-24,1949408.5792782116
2025-06-25,1955420.353473274
2025-06-26,1966898.7412327959
2025-06-27,1972561.146104321
2025-06-30,1967904.433668724
2025-07-01,1973694.33829259
2025-07-02,1969882.1251690697
2025-07-03,1968511.917868079
2025-07-04,1968884.4239092325
2025-07-07,1972299.949211486
2025-07-08,1971719.418674243
2025-07-09,1975605.0404750612
2025-07-10,1965196.4961377545
2025-07-11,1951594.591301078
2025-07-14,1949236.6687411815
2025-07-15,1963740.9040019538
2025-07-16,1966531.1426503996
2025-07-17,1968883.236955422
2025-07-18,1965189.1446869127
2025-07-21,1965613.9933953984
2025-07-22,1956786.0366611206
2025-07-23,1958658.8522759166
2025-07-24,1955181.0542185178
2025-07-25,1939268.8644725098
2025-07-28,1936131.040559815
2025-07-29,1944832.446954178
2025-07-30,1944856.8053308243
2025-07-31,1939752.7225041983
2025-08-01,1923469.8429199548
2025-08-04,1936094.4157292861
2025-08-05,1936272.1492866902
2025-08-06,1923460.5769728003
2025-08-07,1923063.5492007323
2025-08-08,1908915.5832398739
2025-08-11,1921012.0660045287
2025-08-12,1919667.395258973
2025-08-13,1927126.8033231725
2025-08-14,1929857.5338261048
2025-08-18,1948334.191089827
2025-08-19,1946881.2224152898
2025-08-20,1949009.6885885857
2025-08-21,1950980.5097404602
2025-08-22,1940342.4617918269
2025-08-25,1948584.7296348177
2025-08-26,1940221.3923290716
2025-08-28,1930238.4071496204
2025-08-29,1927678.64644616
2025-09-01,1942175.860818786
2025-09-02,1943843.5770131047
2025-09-03,1947820.9196855195
2025-09-04,1946372.5560058597
2025-09-05,1937320.9813832846
2025-09-08,1937121.5762997898
2025-09-09,1947310.2195455958
2025-09-10,1964100.0133681635
2025-09-11,1965028.05670597
2025-09-12,1967166.2680833125
2025-09-15,1964662.6873874464
2025-09-16,1976496.5189325968
2025-09-17,1983693.3644435415
2025-09-18,1986316.1357264349
2025-09-19,1983251.063859102
2025-09-22,1968392.923207736
2025-09-23,1970418.904941474
2025-09-24,1967803.0159038997
2025-09-25,1958125.4466851063
2025-09-26,1936369.9421436994
2025-09-29,1941821.45012914
2025-09-30,1943543.4968547234
2025-10-01,1953203.2015446208
2025-10-03,1955821.980530593
2025-10-06,1965906.204446677
2025-10-07,1974631.530710645
2025-10-08,1974052.380254752
2025-10-09,1984941.8166223052
2025-10-10,1997978.7223243974
2025-10-13,1995109.4462166522
2025-10-14,1989611.1974687637
2025-10-15,2001068.4180132383
2025-10-16,2016144.2069561547
2025-10-17,2024407.1396042926
2025-10-20,2034366.284241386
2025-10-21,2033814.0609875517
2025-10-23,2028976.7723020795
2025-10-24,2023768.411437646
2025-10-27,2029833.9128885793
2025-10-28,2023305.2581491247
2025-10-29,2030935.8929162861
2025-10-30,2023120.6150993607
2025-10-31,2014011.2880608959
2025-11-03,2016189.603767862
2025-11-04,2009563.069356743
2025-11-06,2005235.18612769
2025-11-07,2008578.4263295126
2025-11-10,2011342.7042312156
2025-11-11,2003067.8246668656
2025-11-12,2016434.1669386094
2025-11-13,2012645.8841217367
2025-11-14,2012529.7069151495
2025-11-17,2019435.7774118162
2025-11-18,2009238.4971267134
2025-11-19,2016671.3812471884
2025-11-20,2023925.0231312164
2025-11-21,2018018.9102756334
2025-11-24,2016184.0035941086
2025-11-25,2008713.9635160586
2025-11-26,2022731.427120165
2025-11-27,2022845.0800442898
2025-11-28,2025650.113306696
2025-12-01,2023528.7513389103
2025-12-02,2018703.7689759172
2025-12-03,2012827.0715322504
2025-12-04,2013650.066569841
2025-12-05,2019943.0267785373
2025-12-08,2009499.0862079328
2025-12-09,2001865.2353455327
2025-12-10,1996680.485430555
2025-12-11,2003696.4337375024
2025-12-12,2013083.125585067
2025-12-15,2011006.8106121933
2025-12-16,2010490.498146752
2025-12-17,2006873.8468381362
2025-12-18,2001866.0707791797
2025-12-19,2008431.9036223856
2025-12-22,2014154.0348041705
2025-12-23,2017133.852660688
2025-12-24,2019925.854058846
2025-12-26,2017145.4397499782
2025-12-29,2016515.8372737747
2025-12-30,2014275.2743595645
2025-12-31,2022194.492420915
2026-01-01,2025531.3153383061
2026-01-02,2026921.5420035631
2026-01-05,2025520.1577587617
2026-01-06,2033564.653981348
2026-01-07,2025366.8573794123
2026-01-08,2017227.4017359493
2026-01-09,2008397.3279822976
2026-01-12,2008446.1314552957
2026-01-13,2004796.1106551276
2026-01-14,2000373.0876529329
2026-01-15,2000373.0876529329
2026-01-16,1996093.360546818
2026-01-19,1996324.041483716
2026-01-20,1980117.4534660438
2026-01-21,1975505.895073722
2026-01-22,1980661.1308536227
2026-01-23,1971696.4735748097
2026-01-27,1969979.12117115
2026-01-28,1974912.7820777986
2026-01-29,1966566.7112836656
2026-01-30,1973015.9193696617
2026-02-02,1963436.9014281353
2026-02-03,1979944.4875402192
2026-02-04,1979944.4875402192
2026-02-05,1979944.4875402192
2026-02-06,1979944.4875402192
2026-02-09,1979944.4875402192
2026-02-10,1979944.4875402192
2026-02-11,1979944.4875402192
2026-02-12,1979944.4875402192
2026-02-13,1979944.4875402192
2026-02-16,1979944.4875402192
2026-02-17,1979944.4875402192
2026-02-18,1979944.4875402192
2026-02-19,1979944.4875402192
2026-02-20,1979944.4875402192
2026-02-23,1979944.4875402192
2026-02-24,1979944.4875402192
2026-02-25,1979944.4875402192
2026-02-26,1979944.4875402192
2026-02-27,1979944.4875402192
2026-03-02,1979944.4875402192
2026-03-04,1979944.4875402192
2026-03-05,1979944.4875402192
2026-03-06,1979944.4875402192
2026-03-09,1979944.4875402192
2026-03-10,1979944.4875402192
2026-03-11,1979944.4875402192
2026-03-12,1979944.4875402192
2026-03-13,1979944.4875402192
2026-03-16,1979944.4875402192
2026-03-17,1979944.4875402192
2026-03-18,1979944.4875402192
2026-03-19,1979944.4875402192
2026-03-20,1979944.4875402192
2026-03-23,1979944.4875402192
2026-03-24,1979944.4875402192
2026-03-25,1979944.4875402192
2026-03-27,1979944.4875402192
2026-03-30,1979944.4875402192
2026-04-01,1979944.4875402192
2026-04-02,1979944.4875402192
2026-04-06,1979944.4875402192
2026-04-07,1979944.4875402192
2026-04-08,1979944.4875402192
2026-04-09,1979944.4875402192
2026-04-10,1979944.4875402192
2026-04-13,1979944.4875402192
2026-04-15,1979944.4875402192
2026-04-16,1979944.4875402192
2026-04-17,1979944.4875402192
2026-04-20,1979944.4875402192
2026-04-21,1979944.4875402192
2026-04-22,1979944.4875402192
2026-04-23,1979944.4875402192
2026-04-24,1979944.4875402192
2026-04-27,1979944.4875402192
2026-04-28,1979944.4875402192
2026-04-29,1979944.4875402192
2026-04-30,1979944.4875402192
